{"Y": [[0.9281000613018419], [0.0], [0.37233086927021947]], "C": [[0.09987700037913183], [-1.2327813214063643], [-2.695999949390816]]}